{
  "version": 1,
  "author": "mhmddfebry",
  "editor": "wokwi",
  "parts": [
    { "type": "board-esp32-devkit-c-v4", "id": "esp", "top": 201.6, "left": -225.56, "attrs": {} },
    { "type": "wokwi-pir-motion-sensor", "id": "pir1", "top": 464.8, "left": -55.38, "attrs": {} },
    {
      "type": "wokwi-hc-sr04",
      "id": "ultrasonic1",
      "top": 308.7,
      "left": -52.1,
      "attrs": { "distance": "154" }
    },
    {
      "type": "wokwi-buzzer",
      "id": "bz1",
      "top": 40.8,
      "left": -132.6,
      "attrs": { "volume": "0.1" }
    },
    { "type": "wokwi-photoresistor-sensor", "id": "ldr1", "top": 185.6, "left": -76, "attrs": {} },
    {
      "type": "wokwi-membrane-keypad",
      "id": "keypad1",
      "top": -59.6,
      "left": -560.8,
      "attrs": {}
    },
    {
      "type": "wokwi-lcd1602",
      "id": "lcd1",
      "top": -32,
      "left": -32.8,
      "attrs": { "pins": "i2c" }
    }
  ],
  "connections": [
    [ "esp:TX", "$serialMonitor:RX", "", [] ],
    [ "esp:RX", "$serialMonitor:TX", "", [] ],
    [ "lcd1:VCC", "esp:3V3", "red", [ "h-230.4", "v220.9" ] ],
    [ "lcd1:GND", "esp:GND.1", "black", [ "h-240", "v268.8" ] ],
    [
      "lcd1:SDA",
      "esp:21",
      "green",
      [ "h-182.4", "v0.2", "h-38.4", "v172.8", "h144", "v86.4", "h-19.2" ]
    ],
    [ "lcd1:SCL", "esp:22", "orange", [ "h-211.2", "v153.9", "h144", "v67.2" ] ],
    [ "keypad1:R1", "esp:13", "green", [ "v67.2" ] ],
    [ "keypad1:R2", "esp:12", "red", [ "v0" ] ],
    [ "keypad1:R3", "esp:14", "orange", [ "v0" ] ],
    [ "keypad1:R4", "esp:27", "blue", [ "v0" ] ],
    [ "keypad1:C1", "esp:26", "white", [ "v0" ] ],
    [ "keypad1:C2", "esp:25", "gray", [ "v0" ] ],
    [ "keypad1:C3", "esp:33", "#8f4814", [ "v0" ] ],
    [ "keypad1:C4", "esp:32", "black", [ "v0" ] ],
    [ "ultrasonic1:VCC", "esp:5V", "red", [ "v28.8", "h-230.4", "v-28.8" ] ],
    [ "ultrasonic1:GND", "esp:GND.3", "black", [ "v38.4", "h-116.4", "v-153.6" ] ],
    [ "ultrasonic1:TRIG", "esp:5", "green", [ "v19.2", "h-106", "v-105.6" ] ],
    [ "ultrasonic1:ECHO", "esp:18", "orange", [ "v9.6", "h-96.8", "v-105.6" ] ],
    [ "pir1:VCC", "esp:5V", "red", [ "v19.2", "h-259.2", "v-172.8", "h86.4", "v115.2" ] ],
    [ "pir1:GND", "esp:GND.3", "orange", [ "v9.6", "h-96.26", "v-9.6" ] ],
    [ "pir1:OUT", "esp:19", "blue", [ "v28.8", "h-96.14", "v-288" ] ],
    [ "ldr1:VCC", "esp:3V3", "red", [ "h38.4", "v-57.6", "h-412.8", "v86.4" ] ],
    [ "ldr1:GND", "esp:GND.2", "black", [ "h38.4", "v47.6", "h-220.8", "v-28.8" ] ],
    [ "ldr1:DO", "esp:4", "gold", [ "h28.8", "v47.4", "h-211.2", "v76.8" ] ],
    [ "ldr1:AO", "esp:34", "green", [ "h48", "v-96.7", "h-345.6", "v0", "h-86.4", "v134.4" ] ],
    [ "bz1:1", "esp:GND.2", "blue", [ "v38.4", "h19.2", "v67.2", "h9.6" ] ],
    [ "bz1:2", "esp:23", "red", [ "v0" ] ]
  ],
  "dependencies": {}
}